# The default table has `factory` filling the flash to the last byte, so a
# place for settings has to be made rather than found. `factory` is cut to
# 3 MB — the image is under 300 KB — and `config` takes 32 KB after it.
#
# Nothing in the firmware knows these numbers. The table is read from flash at
# run time and the partition is found by label; an offset in the source would
# be a constant that silently rots the first time this file changes.
# Name,     Type, SubType,   Offset,   Size,     Flags
nvs,        data, nvs,       0x9000,   0x6000,
phy_init,   data, phy,       0xf000,   0x1000,
factory,    app,  factory,   0x10000,  0x300000,
config,     data, undefined, ,         0x8000,
